nflId,displayName,team,pos,snaps,pressures,xpress,threat,help,press_rate,xpress_rate,poe_per100,threat_pct,qualified_150
46131,Brian O'Neill,MIN,RT,254,5.0,17.7,1.373,0.2,0.0197,0.0697,-5.0,0.71,True
52421,Tristan Wirfs,TB,RT,309,8.0,21.83,1.349,0.11,0.0259,0.0706,-4.48,0.66,True
41939,Andrew Norwell,JAX,LG,259,3.0,14.49,0.536,0.11,0.0116,0.0559,-4.43,0.16,True
37082,Tyron Smith,DAL,LT,223,6.0,15.13,1.166,0.13,0.0269,0.0679,-4.1,0.15,True
41242,Zack Martin,DAL,RG,208,5.0,12.7,0.661,0.26,0.024,0.0611,-3.7,0.93,True
46161,Chukwuma Okorafor,PIT,RT,173,7.0,12.93,1.541,0.21,0.0405,0.0747,-3.43,0.98,True
34472,Alex Mack,SF,C,215,3.0,10.13,0.455,0.21,0.014,0.0471,-3.32,0.61,True
41390,Corey Linsley,LAC,C,274,4.0,13.1,0.449,0.19,0.0146,0.0478,-3.32,0.45,True
41232,Jake Matthews,ATL,LT,287,10.0,19.17,1.229,0.3,0.0348,0.0668,-3.2,0.26,True
43586,George Fant,NYJ,LT,237,10.0,17.28,1.242,0.27,0.0422,0.0729,-3.07,0.3,True
43367,Joe Thuney,KC,LG,338,10.0,20.21,0.526,0.09,0.0296,0.0598,-3.02,0.12,True
41264,Joel Bitonio,CLE,LG,249,7.0,14.34,0.577,0.24,0.0281,0.0576,-2.95,0.55,True
42400,Rob Havenstein,LA,RT,247,9.0,16.22,1.317,0.22,0.0364,0.0657,-2.92,0.52,True
42371,Laken Tomlinson,SF,LG,216,6.0,12.28,0.565,0.22,0.0278,0.0568,-2.91,0.48,True
43045,Quinton Spain,CIN,LG,258,7.0,14.45,0.587,0.15,0.0271,0.056,-2.89,0.65,True
40089,Oday Aboushi,LAC,RG,167,5.0,9.73,0.59,0.21,0.0299,0.0583,-2.84,0.68,True
46084,Kolton Miller,LV,LT,264,12.0,19.34,1.206,0.16,0.0455,0.0733,-2.78,0.24,True
30869,Andrew Whitworth,LA,LT,215,8.0,13.76,1.173,0.12,0.0372,0.064,-2.68,0.16,True
42474,Shaquille Mason,NE,RG,229,7.0,12.95,0.594,0.17,0.0306,0.0566,-2.6,0.73,True
53442,Rashawn Slater,LAC,LT,274,13.0,20.02,1.365,0.18,0.0474,0.0731,-2.56,0.7,True
47906,Ben Powers,BAL,LG,205,7.0,12.15,0.566,0.13,0.0341,0.0593,-2.51,0.49,True
44972,Jermaine Eluemunor,LV,RG,168,5.0,9.17,0.528,0.21,0.0298,0.0546,-2.48,0.13,True
46119,Connor Williams,DAL,LG,261,9.0,15.39,0.617,0.12,0.0345,0.059,-2.45,0.87,True
44875,Dion Dawkins,BUF,LT,251,14.0,20.03,1.234,0.15,0.0558,0.0798,-2.4,0.27,True
41321,Trai Turner,PIT,RG,231,8.0,13.4,0.61,0.21,0.0346,0.058,-2.34,0.82,True
48220,Patrick Mekari,BAL,RT,197,10.0,14.51,1.321,0.36,0.0508,0.0736,-2.29,0.55,True
40070,J.C. Tretter,CLE,C,249,6.0,11.65,0.48,0.25,0.0241,0.0468,-2.27,0.84,True
35443,Trent Williams,SF,LT,173,8.0,11.84,1.256,0.23,0.0462,0.0684,-2.22,0.33,True
47797,Chris Lindstrom,ATL,RG,288,10.0,16.33,0.582,0.2,0.0347,0.0567,-2.2,0.61,True
52590,Michael Onwenu,NE,LG,230,9.0,14.04,0.878,0.26,0.0391,0.061,-2.19,0.99,True
38557,Kevin Zeitler,BAL,RG,257,10.0,15.34,0.612,0.36,0.0389,0.0597,-2.08,0.84,True
46075,Quenton Nelson,IND,LG,153,6.0,9.17,0.55,0.15,0.0392,0.0599,-2.07,0.3,True
42377,Donovan Smith,TB,LT,306,15.0,21.29,1.303,0.16,0.049,0.0696,-2.06,0.49,True
43297,Jack Conklin,CLE,RT,153,8.0,11.14,1.238,0.25,0.0523,0.0728,-2.06,0.29,True
53492,Creed Humphrey,KC,C,338,8.0,14.75,0.398,0.11,0.0237,0.0436,-2.0,0.06,True
46679,Evan Brown,DET,C,189,5.0,8.69,0.45,0.11,0.0265,0.046,-1.95,0.49,True
52938,Terence Steele,DAL,RT,208,11.0,14.71,1.349,0.26,0.0529,0.0707,-1.79,0.63,True
52412,Andrew Thomas,NYG,LT,166,9.0,11.91,1.182,0.11,0.0542,0.0717,-1.75,0.18,True
29550,Jason Peters,CHI,LT,223,14.0,17.64,1.375,0.21,0.0628,0.0791,-1.63,0.72,True
44876,Taylor Moton,CAR,RT,294,18.0,22.67,1.301,0.21,0.0612,0.0771,-1.59,0.48,True
46302,Jordan Mailata,PHI,LT,170,13.0,15.53,1.321,0.11,0.0765,0.0913,-1.49,0.54,True
46152,Orlando Brown,KC,LT,338,23.0,27.97,1.331,0.09,0.068,0.0827,-1.47,0.57,True
52543,Kevin Dotson,PIT,LG,229,10.0,13.33,0.585,0.08,0.0437,0.0582,-1.45,0.63,True
43345,Cody Whitehair,CHI,LG,247,11.0,14.52,0.56,0.2,0.0445,0.0588,-1.42,0.41,True
42404,Ali Marpet,TB,LG,306,12.0,16.25,0.555,0.16,0.0392,0.0531,-1.39,0.35,True
41475,Charles Leno,WAS,LT,298,19.0,23.06,1.187,0.14,0.0638,0.0774,-1.36,0.2,True
41959,Matt Feiler,LAC,LG,274,13.0,16.57,0.575,0.18,0.0474,0.0605,-1.3,0.54,True
44832,Garett Bolles,DEN,LT,282,17.0,20.53,1.349,0.13,0.0603,0.0728,-1.25,0.64,True
38553,Riley Reiff,CIN,RT,257,15.0,18.12,1.28,0.21,0.0584,0.0705,-1.21,0.41,True
45012,Chase Roullier,WAS,C,273,10.0,13.12,0.44,0.14,0.0366,0.0481,-1.14,0.33,True
48235,Andre James,LV,C,264,9.0,11.94,0.456,0.19,0.0341,0.0452,-1.11,0.63,True
42883,David Andrews,NE,C,284,10.0,13.1,0.474,0.24,0.0352,0.0461,-1.09,0.76,True
53516,Kendrick Green,PIT,C,228,8.0,10.32,0.446,0.14,0.0351,0.0453,-1.02,0.41,True
53571,Royce Newman,GB,RG,226,11.0,13.14,0.548,0.16,0.0487,0.0581,-0.95,0.27,True
43447,Brandon Shell,SEA,RT,171,12.0,13.53,1.473,0.26,0.0702,0.0792,-0.9,0.9,True
41310,Gabe Jackson,SEA,RG,230,11.0,13.0,0.556,0.31,0.0478,0.0565,-0.87,0.36,True
42352,Ereck Flowers,WAS,LG,296,15.0,17.53,0.537,0.14,0.0507,0.0592,-0.86,0.17,True
47794,Jonah Williams,CIN,LT,258,16.0,18.23,1.227,0.15,0.062,0.0706,-0.86,0.25,True
47824,Dalton Risner,DEN,LG,245,12.0,14.1,0.562,0.11,0.049,0.0575,-0.86,0.44,True
35472,Rodger Saffold,TEN,LG,208,10.0,11.77,0.594,0.25,0.0481,0.0566,-0.85,0.74,True
47818,Jawaan Taylor,JAX,RT,261,17.0,19.22,1.369,0.23,0.0651,0.0737,-0.85,0.71,True
42392,Mitch Morse,BUF,C,250,10.0,11.92,0.454,0.13,0.04,0.0477,-0.77,0.53,True
43433,Connor McGovern,NYJ,C,269,10.0,11.95,0.442,0.24,0.0372,0.0444,-0.72,0.37,True
41237,Taylor Lewan,TEN,LT,182,11.0,12.25,1.262,0.2,0.0604,0.0673,-0.69,0.34,True
46163,Alex Cappa,TB,RG,309,15.0,17.05,0.593,0.11,0.0485,0.0552,-0.66,0.71,True
47995,Dennis Daley,CAR,LG,176,10.0,10.7,0.592,0.19,0.0568,0.0608,-0.4,0.7,True
39965,Justin Pugh,ARI,LG,216,13.0,13.75,0.59,0.17,0.0602,0.0636,-0.34,0.67,True
46284,Bradley Bozeman,BAL,C,253,11.0,11.86,0.464,0.25,0.0435,0.0469,-0.34,0.69,True
52477,Damien Lewis,SEA,LG,185,10.0,10.63,0.52,0.15,0.0541,0.0575,-0.34,0.1,True
37266,Jason Kelce,PHI,C,253,12.0,12.76,0.419,0.13,0.0474,0.0504,-0.3,0.2,True
47814,Kaleb McGary,ATL,RT,250,17.0,17.42,1.284,0.21,0.068,0.0697,-0.17,0.42,True
46103,Will Hernandez,NYG,RG,299,16.0,16.45,0.544,0.29,0.0535,0.055,-0.15,0.26,True
42445,Daryl Williams,BUF,RT,250,18.0,18.25,1.02,0.1,0.072,0.073,-0.1,0.08,True
52486,Matt Hennessy,ATL,C,288,13.0,13.27,0.489,0.25,0.0451,0.0461,-0.09,0.88,True
40151,Ryan Jensen,TB,C,308,13.0,13.21,0.455,0.13,0.0422,0.0429,-0.07,0.59,True
46102,Austin Corbett,LA,RG,247,13.0,13.03,0.605,0.22,0.0526,0.0527,-0.01,0.8,True
43484,Wes Schweitzer,WAS,RG,183,11.0,10.89,0.54,0.12,0.0601,0.0595,0.06,0.22,True
41322,Brandon Linder,JAX,C,162,7.0,6.87,0.406,0.16,0.0432,0.0424,0.08,0.1,True
48159,Sam Mustipher,CHI,C,247,12.0,11.81,0.446,0.22,0.0486,0.0478,0.08,0.39,True
52432,Cesar Ruiz,NO,C,202,11.0,10.78,0.525,0.29,0.0545,0.0534,0.11,0.94,True
52600,Jon Runyan,GB,LG,198,12.0,11.76,0.586,0.18,0.0606,0.0594,0.12,0.64,True
46092,Isaiah Wynn,NE,LT,235,16.0,15.68,1.179,0.29,0.0681,0.0667,0.13,0.18,True
42367,D.J. Humphries,ARI,LT,232,18.0,17.68,1.292,0.17,0.0776,0.0762,0.14,0.45,True
47952,David Edwards,LA,LG,249,13.0,12.61,0.55,0.11,0.0522,0.0506,0.16,0.31,True
46090,Billy Price,NYG,C,259,12.0,11.46,0.442,0.24,0.0463,0.0442,0.21,0.35,True
52447,Robert Hunt,MIA,RG,308,19.0,18.28,0.593,0.22,0.0617,0.0594,0.23,0.72,True
46108,James Daniels,CHI,RG,247,16.0,15.37,0.616,0.24,0.0648,0.0622,0.26,0.86,True
41293,Justin Britt,HOU,C,175,9.0,8.51,0.44,0.25,0.0514,0.0486,0.28,0.31,True
46235,Wyatt Teller,CLE,RG,249,15.0,14.29,0.572,0.26,0.0602,0.0574,0.29,0.52,True
40124,David Quessenberry,TEN,RT,276,20.0,18.86,1.352,0.25,0.0725,0.0683,0.41,0.67,True
42471,Jon Feliciano,BUF,LG,228,15.0,14.05,0.564,0.13,0.0658,0.0616,0.42,0.46,True
38642,Bobby Massie,DEN,RT,292,23.0,21.71,1.407,0.18,0.0788,0.0744,0.44,0.78,True
46078,Mike McGlinchey,SF,RT,216,17.0,16.05,1.445,0.2,0.0787,0.0743,0.44,0.84,True
45069,Daniel Brunskill,SF,RG,216,14.0,12.98,0.612,0.2,0.0648,0.0601,0.47,0.83,True
38629,Ben Jones,TEN,C,272,14.0,12.62,0.453,0.25,0.0515,0.0464,0.51,0.51,True
41296,Billy Turner,GB,RT,226,18.0,16.82,1.265,0.16,0.0796,0.0744,0.52,0.36,True
53655,Trey Smith,KC,RG,338,22.0,20.26,0.537,0.13,0.0651,0.0599,0.52,0.18,True
43384,Graham Glasgow,DEN,RG,206,13.0,11.89,0.56,0.15,0.0631,0.0577,0.54,0.42,True
53475,Jackson Carman,CIN,RG,173,11.0,9.76,0.563,0.18,0.0636,0.0564,0.71,0.45,True
46180,Brian Allen,LA,C,247,12.0,10.04,0.461,0.16,0.0486,0.0407,0.79,0.65,True
52666,Calvin Throckmorton,NO,RG,151,10.0,8.79,0.588,0.25,0.0662,0.0582,0.8,0.66,True
41619,Trey Hopkins,CIN,C,255,13.0,10.73,0.446,0.18,0.051,0.0421,0.89,0.43,True
43307,Ryan Kelly,IND,C,258,14.0,11.71,0.418,0.16,0.0543,0.0454,0.89,0.16,True
47805,Andre Dillard,PHI,LT,158,15.0,13.52,1.248,0.13,0.0949,0.0856,0.94,0.31,True
53436,Penei Sewell,DET,LT,324,27.0,23.83,1.349,0.12,0.0833,0.0736,0.98,0.65,True
41436,Matt Paradis,CAR,C,294,17.0,14.09,0.449,0.2,0.0578,0.0479,0.99,0.47,True
52491,Lloyd Cushenberry,DEN,C,292,16.0,13.1,0.439,0.15,0.0548,0.0449,0.99,0.29,True
52554,Tyler Biadasz,DAL,C,261,16.0,13.25,0.536,0.18,0.0613,0.0508,1.05,0.96,True
43453,Halapoulivaati Vaitai,DET,RG,325,22.0,18.52,0.557,0.11,0.0677,0.057,1.07,0.38,True
44846,Cam Robinson,JAX,LT,261,22.0,19.1,1.278,0.11,0.0843,0.0732,1.11,0.39,True
47806,Tytus Howard,HOU,LG,251,18.0,14.73,0.551,0.2,0.0717,0.0587,1.3,0.32,True
33107,Duane Brown,SEA,LT,230,20.0,16.75,1.235,0.16,0.087,0.0728,1.41,0.28,True
52517,John Simpson,LV,LG,264,19.0,14.73,0.542,0.16,0.072,0.0558,1.62,0.24,True
41295,Morgan Moses,NYJ,RT,242,22.0,18.05,1.269,0.25,0.0909,0.0746,1.63,0.38,True
52480,Josh Jones,ARI,RG,226,19.0,15.09,0.855,0.19,0.0841,0.0668,1.73,0.98,True
53443,Alijah Vera-Tucker,NYJ,LG,269,20.0,15.25,0.54,0.23,0.0743,0.0567,1.77,0.23,True
37090,Nate Solder,NYG,RT,279,26.0,20.33,1.347,0.28,0.0932,0.0729,2.03,0.62,True
52483,Jonah Jackson,DET,LG,327,26.0,19.07,0.565,0.12,0.0795,0.0583,2.12,0.47,True
52466,Ezra Cleveland,MIN,LG,254,20.0,14.49,0.595,0.23,0.0787,0.057,2.17,0.75,True
45056,Kyle Fuller,SEA,C,195,13.0,8.59,0.42,0.22,0.0667,0.044,2.26,0.24,True
42362,Cameron Erving,CAR,LT,216,21.0,16.04,1.392,0.22,0.0972,0.0743,2.3,0.76,True
52603,Justin Herron,NE,RT,169,16.0,12.08,1.362,0.2,0.0947,0.0715,2.32,0.69,True
47976,Olisaemeka Udoh,MIN,RG,254,20.0,14.04,0.551,0.2,0.0787,0.0553,2.35,0.33,True
42765,Chris Reed,IND,LG,168,14.0,9.94,0.562,0.19,0.0833,0.0591,2.42,0.43,True
52504,Lucas Niang,KC,RT,231,25.0,18.71,1.34,0.14,0.1082,0.081,2.72,0.6,True
53466,Landon Dickerson,PHI,LG,213,20.0,14.14,0.557,0.11,0.0939,0.0664,2.75,0.38,True
39684,Greg Van Roten,NYJ,RG,269,23.0,15.35,0.557,0.26,0.0855,0.0571,2.84,0.39,True
42424,John Miller,CAR,RG,221,20.0,13.69,0.582,0.2,0.0905,0.0619,2.86,0.6,True
47838,Max Scharping,HOU,RG,230,21.0,14.33,0.591,0.32,0.0913,0.0623,2.9,0.69,True
39947,Eric Fisher,IND,LT,209,22.0,15.89,1.319,0.19,0.1053,0.076,2.92,0.53,True
53471,Liam Eichenberg,MIA,LT,281,29.0,20.79,1.409,0.2,0.1032,0.074,2.92,0.79,True
53557,Dan Moore,PIT,LT,229,24.0,16.9,1.457,0.08,0.1048,0.0738,3.1,0.87,True
47801,Garrett Bradbury,MIN,C,254,20.0,11.58,0.455,0.21,0.0787,0.0456,3.32,0.55,True
44844,Ryan Ramczyk,NO,RT,202,22.0,14.55,1.292,0.32,0.1089,0.072,3.69,0.45,True
53446,Alex Leatherwood,LV,RT,243,26.0,16.81,1.045,0.22,0.107,0.0692,3.78,0.09,True
48455,Matt Nelson,DET,RT,327,37.0,23.78,1.33,0.11,0.1131,0.0727,4.04,0.56,True
43640,Rashod Hill,MIN,LT,164,19.0,12.28,1.468,0.21,0.1159,0.0749,4.09,0.89,True
53497,Jalen Mayfield,ATL,LG,285,29.0,16.19,0.599,0.3,0.1018,0.0568,4.49,0.79,True
47865,Nate Davis,TEN,RG,264,27.0,15.05,0.578,0.25,0.1023,0.057,4.53,0.56,True
42477,Mark Glowinski,IND,RG,195,21.0,11.98,0.582,0.14,0.1077,0.0614,4.63,0.58,True
45630,Storm Norton,LAC,RT,247,31.0,18.95,1.451,0.19,0.1255,0.0767,4.88,0.87,True
41222,Alejandro Villanueva,BAL,LT,252,34.0,20.1,1.269,0.16,0.1349,0.0798,5.52,0.37,True
52426,Austin Jackson,MIA,LG,289,35.0,18.81,0.94,0.27,0.1211,0.0651,5.6,1.0,True
42924,Jesse Davis,MIA,RT,291,37.0,19.63,1.141,0.27,0.1271,0.0674,5.97,0.13,True
47985,Isaiah Prince,CIN,RT,1,0.0,0.09,1.033,0.0,0.0,0.0882,-8.82,0.08,False
53861,Robert Jones,MIA,LG,3,0.0,0.23,0.556,0.0,0.0,0.0769,-7.69,0.37,False
42587,Trenton Brown,NE,RT,2,0.0,0.15,1.253,0.5,0.0,0.0737,-7.37,0.32,False
45030,Corey Levin,TEN,LG,9,0.0,0.65,0.584,0.44,0.0,0.0727,-7.27,0.62,False
48512,Ryan Bates,BUF,C,3,0.0,0.21,0.602,0.17,0.0,0.0697,-6.97,1.0,False
48085,Fred Johnson,CIN,RG,3,0.0,0.2,0.492,0.33,0.0,0.0682,-6.82,0.04,False
46852,Aaron Stinnie,TB,LG,3,0.0,0.2,0.638,0.0,0.0,0.0664,-6.64,0.89,False
41667,Josh Wells,TB,LT,3,0.0,0.2,1.183,0.0,0.0,0.066,-6.6,0.19,False
53524,Robert Hainsey,TB,C,1,0.0,0.06,0.522,0.0,0.0,0.0637,-6.37,0.92,False
52564,Keith Ismael,WAS,LG,2,0.0,0.13,0.373,0.0,0.0,0.0633,-6.33,0.01,False
42598,Denzelle Good,LV,RG,10,0.0,0.62,0.649,0.3,0.0,0.0618,-6.18,0.9,False
44841,David Njoku,CLE,LT,1,0.0,0.06,1.015,0.0,0.0,0.061,-6.1,0.07,False
52558,Shane Lemieux,NYG,LG,9,0.0,0.52,0.523,0.0,0.0,0.0583,-5.83,0.11,False
47880,Bobby Evans,LA,RG,2,0.0,0.11,0.688,0.0,0.0,0.0554,-5.54,0.95,False
46198,Will Richardson,JAX,RG,29,0.0,1.58,0.597,0.41,0.0,0.0546,-5.46,0.78,False
46376,Coleman Shelton,LA,C,2,0.0,0.11,0.547,0.0,0.0,0.0542,-5.42,0.98,False
43444,Joe Haeg,PIT,RT,73,1.0,4.92,1.334,0.16,0.0137,0.0675,-5.38,0.59,False
43821,Jake Brendel,SF,C,1,0.0,0.05,0.415,0.0,0.0,0.05,-5.0,0.14,False
37130,Rodney Hudson,ARI,C,142,0.0,6.66,0.467,0.19,0.0,0.0469,-4.69,0.71,False
46404,J.C. Hassenauer,PIT,C,10,0.0,0.44,0.419,0.05,0.0,0.0444,-4.44,0.22,False
43368,Isaac Seumalo,PHI,LG,81,2.0,5.25,0.584,0.11,0.0247,0.0648,-4.01,0.62,False
41707,Tyler Larsen,WAS,C,27,0.0,1.04,0.362,0.13,0.0,0.0386,-3.86,0.04,False
47831,Erik McCoy,NO,C,80,1.0,4.06,0.47,0.24,0.0125,0.0508,-3.83,0.73,False
53580,Larry Borom,CHI,RT,46,2.0,3.76,1.479,0.33,0.0435,0.0817,-3.82,0.92,False
53543,Drew Dalman,ATL,LG,3,0.0,0.11,0.679,0.67,0.0,0.0381,-3.81,0.94,False
42476,Max Garcia,ARI,C,114,2.0,6.31,0.509,0.22,0.0175,0.0553,-3.78,0.9,False
48158,Alex Bars,CHI,RT,24,1.0,1.87,1.293,0.08,0.0417,0.078,-3.63,0.46,False
43320,Germain Ifedi,CHI,RT,128,5.0,9.61,1.449,0.23,0.0391,0.0751,-3.6,0.86,False
53994,Ryan McCollum,DET,C,2,0.0,0.07,0.352,0.0,0.0,0.036,-3.6,0.02,False
53590,Tommy Doyle,BUF,RT,1,0.0,0.04,1.006,0.0,0.0,0.0354,-3.54,0.06,False
53523,Ben Cleveland,BAL,LG,50,1.0,2.74,0.538,0.24,0.02,0.0548,-3.48,0.19,False
53452,Christian Darrisaw,MIN,LT,90,3.0,6.1,1.341,0.26,0.0333,0.0678,-3.44,0.61,False
41563,Cornelius Lucas,WAS,RT,111,6.0,9.46,1.402,0.09,0.0541,0.0852,-3.12,0.77,False
37213,Marcus Cannon,HOU,RT,106,5.0,8.3,1.541,0.31,0.0472,0.0783,-3.11,0.97,False
35462,Bryan Bulaga,LAC,RT,27,1.0,1.83,1.31,0.26,0.037,0.0679,-3.09,0.5,False
39983,Zach Ertz,ARI,LT,1,0.0,0.03,0.867,0.0,0.0,0.0307,-3.07,0.03,False
46158,Joseph Noteboom,LA,LT,34,1.0,2.04,1.258,0.06,0.0294,0.0601,-3.07,0.34,False
41236,Eric Ebron,PIT,LT,1,0.0,0.03,0.736,0.0,0.0,0.0292,-2.92,0.02,False
46106,Braden Smith,IND,RT,88,5.0,7.39,1.516,0.09,0.0568,0.084,-2.71,0.94,False
41324,Michael Schofield,LAC,RG,107,4.0,6.78,0.554,0.17,0.0374,0.0634,-2.6,0.34,False
41532,James Hurst,NO,LT,118,5.0,7.94,0.983,0.19,0.0424,0.0673,-2.49,0.05,False
39907,Darren Fells,DET,LT,1,0.0,0.02,0.433,1.0,0.0,0.0243,-2.43,0.01,False
44949,Sean Harlow,ARI,C,46,1.0,2.09,0.455,0.12,0.0217,0.0454,-2.37,0.57,False
52507,Matt Peart,NYG,LT,147,7.0,10.37,1.351,0.25,0.0476,0.0706,-2.29,0.66,False
43302,Laremy Tunsil,HOU,LT,122,7.0,9.78,1.449,0.18,0.0574,0.0802,-2.28,0.85,False
46143,Geron Christian,HOU,LT,138,7.0,10.15,1.22,0.22,0.0507,0.0736,-2.28,0.24,False
39146,Mike Remmers,KC,RT,107,6.0,8.33,1.291,0.1,0.0561,0.0778,-2.18,0.44,False
43510,Ted Karras,NE,LG,143,5.0,8.03,0.608,0.26,0.035,0.0561,-2.12,0.81,False
42954,Greg Mancz,MIA,C,116,3.0,5.43,0.475,0.28,0.0259,0.0468,-2.1,0.78,False
53619,Trey Hill,CIN,RG,26,1.0,1.52,0.539,0.25,0.0385,0.0586,-2.01,0.21,False
42348,Brandon Scherff,WAS,RG,113,5.0,7.19,0.596,0.15,0.0442,0.0637,-1.94,0.77,False
43648,Justin Murray,ARI,RT,40,2.0,2.77,1.153,0.18,0.05,0.0693,-1.93,0.13,False
47875,Chuma Edoga,NYJ,LT,32,2.0,2.6,1.535,0.09,0.0625,0.0813,-1.88,0.95,False
52514,Tyre Phillips,BAL,RT,54,3.0,3.97,0.844,0.24,0.0556,0.0735,-1.8,0.03,False
38779,Kelvin Beachum,ARI,RT,141,9.0,11.41,1.443,0.22,0.0638,0.0809,-1.71,0.83,False
34457,Andre Smith,BAL,LT,19,1.0,1.3,1.203,0.32,0.0526,0.0687,-1.61,0.23,False
42364,Cedric Ogbuehi,SEA,RT,21,1.0,1.29,1.481,0.52,0.0476,0.0613,-1.37,0.92,False
53527,Quinn Meinerz,DEN,LG,47,2.0,2.64,0.502,0.17,0.0426,0.0563,-1.37,0.06,False
48181,Yosuah Nijman,GB,LT,93,6.0,7.25,1.541,0.18,0.0645,0.078,-1.35,0.97,False
46089,Frank Ragnow,DET,C,136,4.0,5.55,0.41,0.13,0.0294,0.0408,-1.14,0.12,False
52534,Charlie Heck,HOU,RT,136,9.0,10.48,1.422,0.32,0.0662,0.077,-1.09,0.82,False
46689,Ike Boettger,BUF,LG,62,3.0,3.65,0.548,0.23,0.0484,0.0588,-1.04,0.28,False
53480,Samuel Cosmi,WAS,RT,148,11.0,12.31,1.311,0.18,0.0743,0.0832,-0.88,0.51,False
39950,Lane Johnson,PHI,RT,132,11.0,11.98,1.463,0.16,0.0833,0.0908,-0.74,0.88,False
52894,Trystan Colon,BAL,C,24,1.0,1.16,0.481,0.1,0.0417,0.0485,-0.69,0.86,False
46275,Matt Pryor,IND,RT,101,7.0,7.59,1.31,0.24,0.0693,0.0751,-0.58,0.5,False
47861,Michael Deiter,MIA,C,116,5.0,5.61,0.435,0.22,0.0431,0.0483,-0.52,0.27,False
44068,Lucas Patrick,GB,C,139,6.0,6.65,0.471,0.22,0.0432,0.0478,-0.47,0.75,False
42402,Ty Sambrailo,TEN,LT,66,4.0,4.14,1.075,0.26,0.0606,0.0628,-0.22,0.1,False
42810,B.J. Finney,PIT,LG,16,1.0,1.02,0.614,0.0,0.0625,0.0637,-0.12,0.85,False
53491,Josh Myers,GB,C,115,5.0,5.11,0.401,0.16,0.0435,0.0445,-0.1,0.08,False
53584,Jaylon Moore,SF,LT,43,3.0,3.04,1.176,0.19,0.0698,0.0707,-0.1,0.17,False
47827,Elgton Jenkins,GB,LT,133,10.0,10.05,1.202,0.2,0.0752,0.0756,-0.04,0.22,False
40023,Terron Armstead,NO,LT,126,10.0,10.03,1.333,0.19,0.0794,0.0796,-0.02,0.58,False
42654,La'el Collins,DAL,RT,53,4.0,3.97,1.433,0.15,0.0755,0.075,0.05,0.82,False
52419,Mekhi Becton,NYJ,LT,27,2.0,1.98,1.293,0.11,0.0741,0.0734,0.07,0.47,False
53522,Spencer Brown,BUF,RT,97,8.0,7.63,1.39,0.15,0.0825,0.0786,0.38,0.76,False
48485,Blake Hance,CLE,LT,123,10.0,9.47,1.239,0.28,0.0813,0.077,0.43,0.29,False
52524,Ben Bartch,JAX,RG,126,8.0,7.22,0.569,0.23,0.0635,0.0573,0.62,0.51,False
42565,Austin Reiter,MIA,C,76,4.0,3.47,0.462,0.2,0.0526,0.0456,0.7,0.67,False
52783,Yasir Durant,NE,RT,39,3.0,2.68,1.359,0.18,0.0769,0.0688,0.81,0.68,False
47919,Michael Jordan,CAR,LG,105,8.0,7.12,0.544,0.18,0.0762,0.0678,0.84,0.25,False
41665,Tyler Shatley,JAX,C,99,5.0,4.15,0.418,0.18,0.0505,0.0419,0.86,0.18,False
52553,Jack Driscoll,PHI,RG,149,12.0,10.64,0.785,0.12,0.0805,0.0714,0.91,0.96,False
43337,Jason Spriggs,ATL,RT,39,3.0,2.56,1.264,0.21,0.0769,0.0656,1.13,0.35,False
45550,Elijah Wilkinson,CHI,RT,59,6.0,5.3,1.539,0.17,0.1017,0.0898,1.19,0.96,False
41630,Justin McCray,HOU,C,97,6.0,4.58,0.479,0.29,0.0619,0.0472,1.46,0.82,False
41069,James Ferentz,NE,LG,55,4.0,3.18,0.631,0.33,0.0727,0.0577,1.5,0.88,False
38606,Brandon Brooks,PHI,RG,39,3.0,2.34,0.5,0.23,0.0769,0.0599,1.7,0.05,False
47873,Connor McGovern,DAL,RG,53,4.0,2.99,0.628,0.15,0.0755,0.0564,1.91,0.88,False
46629,Nick Gates,NYG,C,46,3.0,2.02,0.433,0.17,0.0652,0.0438,2.14,0.25,False
43695,Matt Skura,NYG,LG,142,11.0,7.94,0.567,0.24,0.0775,0.0559,2.15,0.5,False
52519,Solomon Kindley,MIA,LG,60,5.0,3.64,0.596,0.22,0.0833,0.0607,2.26,0.76,False
52551,Ben Bredeson,NYG,LG,99,8.0,5.74,0.539,0.13,0.0808,0.0579,2.29,0.2,False
48094,Calvin Anderson,DEN,LT,10,1.0,0.71,1.554,0.0,0.1,0.0714,2.86,0.99,False
46237,Jamarco Jones,SEA,LG,66,6.0,4.08,0.838,0.26,0.0909,0.0618,2.91,0.97,False
53539,James Hudson,CLE,RT,54,6.0,4.34,1.343,0.2,0.1111,0.0804,3.07,0.61,False
53063,Aaron Brewer,TEN,LG,45,4.0,2.55,0.517,0.3,0.0889,0.0566,3.23,0.08,False
42410,A.J. Cann,JAX,RG,108,10.0,6.47,0.574,0.17,0.0926,0.0599,3.27,0.53,False
44942,David Sharpe,BAL,RT,8,1.0,0.73,0.947,0.0,0.125,0.0907,3.43,0.04,False
41262,Xavier Su'a-Filo,CIN,RG,59,5.0,2.92,0.579,0.25,0.0847,0.0495,3.53,0.57,False
42952,Kendall Lamm,TEN,LT,28,3.0,1.87,1.416,0.39,0.1071,0.0669,4.02,0.81,False
44870,Ethan Pocic,SEA,C,35,3.0,1.53,0.475,0.31,0.0857,0.0437,4.2,0.8,False
42356,Andrus Peat,NO,LG,127,13.0,7.33,0.582,0.2,0.1024,0.0577,4.47,0.59,False
48513,Nate Herbig,PHI,RG,70,8.0,4.68,0.557,0.16,0.1143,0.0669,4.74,0.4,False
47884,Yodny Cajuste,NE,RT,34,4.0,2.34,1.375,0.24,0.1176,0.0688,4.88,0.73,False
46755,Trenton Scott,CAR,RG,43,5.0,2.79,0.513,0.21,0.1163,0.065,5.13,0.07,False
47914,Wes Martin,NYG,LG,43,5.0,2.56,0.526,0.16,0.1163,0.0595,5.68,0.12,False
36785,Ty Nsekhe,DAL,LT,38,5.0,2.74,1.475,0.08,0.1316,0.0722,5.94,0.91,False
52418,Jedrick Wills,CLE,LT,149,19.0,10.0,1.191,0.21,0.1275,0.0671,6.04,0.21,False
52516,Saahdiq Charles,WAS,RT,39,5.0,2.55,1.085,0.08,0.1282,0.0653,6.29,0.11,False
44943,Julien Davenport,IND,RT,118,17.0,9.36,1.381,0.1,0.1441,0.0793,6.48,0.74,False
53499,Brady Christensen,CAR,LT,80,12.0,6.72,1.11,0.12,0.15,0.0839,6.61,0.12,False
46134,Brandon Parker,LV,RT,104,15.0,7.75,1.325,0.23,0.1442,0.0745,6.97,0.55,False
44882,Pat Elflein,CAR,LG,41,5.0,2.13,0.531,0.24,0.122,0.0519,7.01,0.14,False
52589,Netane Muti,DEN,RG,86,12.0,4.68,0.535,0.27,0.1395,0.0544,8.52,0.15,False
47821,Cody Ford,BUF,RG,123,18.0,7.05,0.519,0.06,0.1463,0.0573,8.9,0.09,False
40020,Brian Winters,ARI,RG,7,1.0,0.36,0.549,0.71,0.1429,0.052,9.08,0.29,False
54006,Jake Curhan,SEA,RT,17,3.0,1.44,1.513,0.41,0.1765,0.0846,9.18,0.93,False
46323,Korey Cunningham,NYG,RT,6,1.0,0.43,1.637,0.83,0.1667,0.0715,9.52,1.0,False
40416,Christopher Hubbard,CLE,LT,18,3.0,1.28,1.271,0.5,0.1667,0.0709,9.57,0.39,False
42569,Bobby Hart,TEN,LT,18,3.0,1.16,1.383,0.39,0.1667,0.0647,10.2,0.75,False
53482,Dillon Radunz,TEN,RG,17,3.0,1.01,0.653,0.18,0.1765,0.0594,11.71,0.92,False
46314,Will Clapp,NO,LG,4,1.0,0.35,0.65,0.0,0.25,0.0867,16.33,0.91,False
43295,Ronnie Stanley,BAL,LT,36,9.0,2.82,1.279,0.03,0.25,0.0783,17.17,0.4,False
52635,Lachavious Simmons,CHI,RT,14,4.0,0.87,1.155,0.57,0.2857,0.0624,22.33,0.14,False
45346,Jordan Simmons,LV,RG,3,1.0,0.15,0.456,0.0,0.3333,0.0513,28.2,0.03,False
44970,Will Holden,DET,LT,2,1.0,0.23,1.286,0.0,0.5,0.1162,38.38,0.43,False
53954,Tommy Kraemer,DET,RG,2,1.0,0.15,0.449,0.0,0.5,0.0725,42.75,0.02,False
53868,Alaric Jackson,LA,RT,2,1.0,0.13,1.416,0.0,0.5,0.0667,43.33,0.8,False
